<?xml version="1.0" encoding="utf-8"?>
<!-- Splash screen file, saved 12/14/2021 3:32:07 AM using CourseLab 210731 -->
<splash>
<settings>
<showsplash>yes</showsplash>
<fitwindow>no</fitwindow>
<fit_small_window>yes</fit_small_window>
</settings>
<data>
<![CDATA[<div style="position: absolute; left: 379px; top: 398px; width: 275px; height: 62px;"><div style="position: absolute; width: 275px; height: 62px; -webkit-touch-callout: none; -webkit-user-select: none; -khtml-user-select: none; -moz-user-select: none; -ms-user-select: none; user-select: none;" title="НАЧАТЬ" ><div id="BLT1_TTL_BTN_BTN" style="cursor: pointer; position: relative; left: 0; top: 0; box-sizing: border-box; width: 275px; height: 62px; border-style: solid; border-width: 1px; border-color: #333333; -o-border-radius: 5px; -ms-border-radius: 5px; -moz-border-radius: 5px; -webkit-border-radius: 5px; border-radius: 5px;-o-box-shadow: 3px 3px 6px rgba(51,51,51,0.9);-ms-box-shadow: 3px 3px 6px rgba(51,51,51,0.9);-moz-box-shadow: 3px 3px 6px rgba(51,51,51,0.9); -webkit-box-shadow: 3px 3px 6px rgba(51,51,51,0.9); box-shadow: 3px 3px 6px rgba(51,51,51,0.9);border-color: #333333; background-color: #333333;background-image: -o-linear-gradient(90deg, #333333 0%, #666666 100%); background-image: -ms-linear-gradient(90deg, #333333 0%, #666666 100%); background-image: -moz-linear-gradient(90deg, #333333 0%, #666666 100%); background-image: -webkit-linear-gradient(90deg, #333333 0%, #666666 100%); background-image: linear-gradient(0deg, #333333 0%, #666666 100%);" onmouseover="this.setAttribute('style', this.getAttribute('data-style-over'));" onmouseout="this.setAttribute('style', this.getAttribute('data-style-idle'));" onclick="CL.Start(); return false;" data-style-idle="cursor: pointer; position: relative; left: 0; top: 0; box-sizing: border-box; width: 275px; height: 62px; border-style: solid; border-width: 1px; border-color: #333333; -o-border-radius: 5px; -ms-border-radius: 5px; -moz-border-radius: 5px; -webkit-border-radius: 5px; border-radius: 5px;-o-box-shadow: 3px 3px 6px rgba(51,51,51,0.9);-ms-box-shadow: 3px 3px 6px rgba(51,51,51,0.9);-moz-box-shadow: 3px 3px 6px rgba(51,51,51,0.9); -webkit-box-shadow: 3px 3px 6px rgba(51,51,51,0.9); box-shadow: 3px 3px 6px rgba(51,51,51,0.9);border-color: #333333; background-color: #333333;background-image: -o-linear-gradient(90deg, #333333 0%, #666666 100%); background-image: -ms-linear-gradient(90deg, #333333 0%, #666666 100%); background-image: -moz-linear-gradient(90deg, #333333 0%, #666666 100%); background-image: -webkit-linear-gradient(90deg, #333333 0%, #666666 100%); background-image: linear-gradient(0deg, #333333 0%, #666666 100%);" data-style-over="cursor: pointer; position: relative; left: 0; top: 0; box-sizing: border-box; width: 275px; height: 62px; border-style: solid; border-width: 1px; border-color: #333333; -o-border-radius: 5px; -ms-border-radius: 5px; -moz-border-radius: 5px; -webkit-border-radius: 5px; border-radius: 5px;-o-box-shadow: 3px 3px 6px rgba(51,51,51,0.9);-ms-box-shadow: 3px 3px 6px rgba(51,51,51,0.9);-moz-box-shadow: 3px 3px 6px rgba(51,51,51,0.9); -webkit-box-shadow: 3px 3px 6px rgba(51,51,51,0.9); box-shadow: 3px 3px 6px rgba(51,51,51,0.9);border-color: #333333; background-color: #333333;background-image: -o-linear-gradient(270deg, #333333 0%, #666666 100%); background-image: -ms-linear-gradient(270deg, #333333 0%, #666666 100%); background-image: -moz-linear-gradient(270deg, #333333 0%, #666666 100%); background-image: -webkit-linear-gradient(270deg, #333333 0%, #666666 100%); background-image: linear-gradient(180deg, #333333 0%, #666666 100%);"><div id="BLT1_TTL_BTN_BTN_BG" style="position: relative; padding: 0; margin: 0; width: 273px; height: 60px; "><table id="BLT1_TTL_BTN_BTN_TABLE" style="border-spacing: 0; width: 273px; height: 60px;"><tr><td id="BLT1_TTL_BTN_BTN_TABLE_CONTENT" style="text-align: center; vertical-align: middle; padding: 0; text-shadow: 1px 1px 2px rgba(51,51,51,0.66); width: 273px; height: 60px; font-family: robotoregular, Arial, Helvetica, sans-serif; font-size: 18px; color: #CCCCCC; font-weight: bold;">НАЧАТЬ</td></tr></table></div></div></div></div><div style="position: absolute; box-sizing: border-box; left: 0px; top: 222px; width: 999px; height: 137px;"><p style="font-family: 'Times New Roman'; font-size: 24px; font-variant: normal; font-style: normal; color: rgb(0, 64, 128); text-align: center;"><span style="font-size:36px;"><span style="font-family: arial, helvetica, sans-serif;"><span style="font-weight: bolder;">Тема:</span>&nbsp;PyPy: Python с JIT-интерпретатором</span></span></p>

<p style="font-family: 'Times New Roman'; font-size: 24px; font-variant: normal; font-style: normal; color: rgb(0, 64, 128); text-align: center;"><span style="font-size:36px;"><span style="font-family: arial, helvetica, sans-serif;"><span style="font-weight: bolder;">Created by:</span>&nbsp;Олимпиев Никита, P42072</span></span></p></div>]]>
</data>
</splash>
